{
  "model": "roberta",
  "model_path": "./models/imdb_finetuned_roberta/final_model",
  "task": "binary_classification",
  "label_mapping": {
    "literal": "literal",
    "metaphor": "figurative",
    "irony": "figurative",
    "both": "figurative"
  },
  "reddit": {
    "binary_metrics": {
      "model": "roberta",
      "task": "binary",
      "accuracy": 0.6186666666666667,
      "f1_macro": 0.4468456015844199,
      "f1_weighted": 0.5027491060130934,
      "per_class": {
        "literal": {
          "precision": 0.6082758620689656,
          "recall": 0.9954853273137697,
          "f1": 0.7551369863013698,
          "support": 443
        },
        "figurative": {
          "precision": 0.92,
          "recall": 0.0749185667752443,
          "f1": 0.13855421686746988,
          "support": 307
        }
      }
    },
    "breakdown_by_original_label": {
      "literal": {
        "total": 443,
        "correct": 441,
        "accuracy": 0.9954853273137697,
        "maps_to": "literal"
      },
      "metaphor": {
        "total": 260,
        "correct": 22,
        "accuracy": 0.08461538461538462,
        "maps_to": "figurative"
      },
      "irony": {
        "total": 42,
        "correct": 0,
        "accuracy": 0.0,
        "maps_to": "figurative"
      },
      "both": {
        "total": 5,
        "correct": 1,
        "accuracy": 0.2,
        "maps_to": "figurative"
      }
    }
  },
  "news": {
    "binary_metrics": {
      "model": "roberta",
      "task": "binary",
      "accuracy": 0.6416666666666667,
      "f1_macro": 0.6210340775558167,
      "f1_weighted": 0.6438773012142577,
      "per_class": {
        "literal": {
          "precision": 0.7241379310344828,
          "recall": 0.695364238410596,
          "f1": 0.7094594594594594,
          "support": 151
        },
        "figurative": {
          "precision": 0.5157894736842106,
          "recall": 0.550561797752809,
          "f1": 0.532608695652174,
          "support": 89
        }
      }
    },
    "breakdown_by_original_label": {
      "literal": {
        "total": 151,
        "correct": 105,
        "accuracy": 0.695364238410596,
        "maps_to": "literal"
      },
      "metaphor": {
        "total": 51,
        "correct": 30,
        "accuracy": 0.5882352941176471,
        "maps_to": "figurative"
      },
      "irony": {
        "total": 29,
        "correct": 14,
        "accuracy": 0.4827586206896552,
        "maps_to": "figurative"
      },
      "both": {
        "total": 9,
        "correct": 5,
        "accuracy": 0.5555555555555556,
        "maps_to": "figurative"
      }
    }
  },
  "comparison": {
    "accuracy_diff": 0.02300000000000002,
    "f1_macro_diff": 0.17418847597139686,
    "better_domain": "News",
    "improvement_pct": 3.7176724137931063
  }
}