{
  "model": "deberta",
  "model_path": "./models/imdb_finetuned_deberta/final_model",
  "task": "binary_classification",
  "label_mapping": {
    "literal": "literal",
    "metaphor": "figurative",
    "irony": "figurative",
    "both": "figurative"
  },
  "reddit": {
    "binary_metrics": {
      "model": "deberta",
      "task": "binary",
      "accuracy": 0.6013333333333334,
      "f1_macro": 0.3992364878440828,
      "f1_weighted": 0.4624207889625611,
      "per_class": {
        "literal": {
          "precision": 0.5970350404312669,
          "recall": 1.0,
          "f1": 0.7476793248945147,
          "support": 443
        },
        "figurative": {
          "precision": 1.0,
          "recall": 0.026058631921824105,
          "f1": 0.050793650793650794,
          "support": 307
        }
      }
    },
    "breakdown_by_original_label": {
      "literal": {
        "total": 443,
        "correct": 443,
        "accuracy": 1.0,
        "maps_to": "literal"
      },
      "metaphor": {
        "total": 260,
        "correct": 7,
        "accuracy": 0.026923076923076925,
        "maps_to": "figurative"
      },
      "irony": {
        "total": 42,
        "correct": 0,
        "accuracy": 0.0,
        "maps_to": "figurative"
      },
      "both": {
        "total": 5,
        "correct": 1,
        "accuracy": 0.2,
        "maps_to": "figurative"
      }
    }
  },
  "news": {
    "binary_metrics": {
      "model": "deberta",
      "task": "binary",
      "accuracy": 0.6833333333333333,
      "f1_macro": 0.6259535723074399,
      "f1_weighted": 0.6637997976649441,
      "per_class": {
        "literal": {
          "precision": 0.7049180327868853,
          "recall": 0.8543046357615894,
          "f1": 0.7724550898203593,
          "support": 151
        },
        "figurative": {
          "precision": 0.6140350877192983,
          "recall": 0.39325842696629215,
          "f1": 0.4794520547945205,
          "support": 89
        }
      }
    },
    "breakdown_by_original_label": {
      "literal": {
        "total": 151,
        "correct": 129,
        "accuracy": 0.8543046357615894,
        "maps_to": "literal"
      },
      "metaphor": {
        "total": 51,
        "correct": 13,
        "accuracy": 0.2549019607843137,
        "maps_to": "figurative"
      },
      "irony": {
        "total": 29,
        "correct": 17,
        "accuracy": 0.5862068965517241,
        "maps_to": "figurative"
      },
      "both": {
        "total": 9,
        "correct": 5,
        "accuracy": 0.5555555555555556,
        "maps_to": "figurative"
      }
    }
  },
  "comparison": {
    "accuracy_diff": 0.08199999999999996,
    "f1_macro_diff": 0.2267170844633571,
    "better_domain": "News",
    "improvement_pct": 13.63636363636363
  }
}